ARTIFACT VIRTUAL - LEGAL & COMPLIANCE DASHBOARD,Version 2.0.0,Date: 2026-02-11,,,,,,,
,,,,,,,,,
SHEET 1: CONTRACTS REGISTER,,,,,,,,,
,,,,,,,,,
Contract ID,Contract Type,Party Name,Start Date,End Date,Contract Value,Status,Owner,Auto-Renew,Notice Period (days),Next Review,Renewal Date,Notes
CTR-001,Customer Agreement,Enterprise Client A,2026-01-15,2027-01-14,180000,Active,Legal Team,Yes,30,2026-10-15,2027-01-14,Annual contract
CTR-002,Vendor Agreement,AWS,2025-08-01,2026-08-01,400000,Active,IT,Yes,60,2026-05-01,2026-08-01,Cloud services
CTR-003,Employment Agreement,Executive Team,2025-06-01,N/A,2000000,Active,HR/Legal,No,N/A,2026-06-01,N/A,C-suite contracts
CTR-004,Partner Agreement,Tech Partner B,2026-01-01,2027-12-31,0,Active,Business Dev,No,90,2026-09-01,N/A,Strategic partnership
CTR-005,Vendor Agreement,Datadog,2025-07-15,2026-07-15,18000,Active,IT,Yes,30,2026-04-15,2026-07-15,Monitoring
CTR-006,Office Lease,Landlord XYZ,2025-07-01,2028-06-30,540000,Active,Operations,No,180,2027-12-01,N/A,3-year lease
CTR-007,Insurance Policy,Insurance Co,2026-01-01,2027-01-01,120000,Active,Finance,Yes,45,2026-09-01,2027-01-01,D&O + General
,,,,,,,,,,,,
TOTALS,,,,,0,,,,,,,
,,,,,,,,,,,,,
,,,,,,,,,,,,,
SHEET 2: COMPLIANCE FRAMEWORK TRACKER,,,,,,,,,
,,,,,,,,,,,,,
Framework,Requirement Area,Requirement,Status,Owner,Last Assessment,Next Assessment,Compliance %,Evidence,Findings,Priority,Remediation Due,Notes
SOC 2,Access Control,MFA for all users,Compliant,IT Security,2026-01-15,2026-04-15,100,IAM logs,0,N/A,N/A,Fully implemented
SOC 2,Data Encryption,Encrypt data at rest,Compliant,IT Security,2026-01-15,2026-04-15,100,Config docs,0,N/A,N/A,AES-256
SOC 2,Logging & Monitoring,Centralized logging,Compliant,IT Ops,2026-01-20,2026-04-20,100,Datadog setup,0,N/A,N/A,All systems covered
SOC 2,Incident Response,IR plan documented,In Progress,Security Team,2026-02-01,2026-05-01,80,Draft plan,1,Medium,2026-03-15,Needs executive approval
SOC 2,Backup & Recovery,Daily backups tested,Compliant,Database Team,2026-01-25,2026-04-25,100,Test logs,0,N/A,N/A,Automated
GDPR,Data Privacy,Privacy policy published,Compliant,Legal,2025-12-01,2026-06-01,100,Website,0,N/A,N/A,Updated quarterly
GDPR,Data Subject Rights,DSAR process,Compliant,Legal/Eng,2026-01-10,2026-07-10,100,Procedures doc,0,N/A,N/A,Portal in development
GDPR,Data Processing,DPA with vendors,In Progress,Legal/Procurement,2026-01-20,2026-04-20,75,5 of 8 signed,1,High,2026-03-01,3 vendors pending
ISO 27001,Risk Management,Risk register,Compliant,Security Team,2026-02-01,2026-05-01,100,Risk register,0,N/A,N/A,Reviewed monthly
ISO 27001,Asset Management,Asset inventory,Compliant,IT Ops,2026-01-30,2026-04-30,100,CMDB,0,N/A,N/A,Automated tracking
PCI DSS,Not Applicable,N/A,N/A,N/A,N/A,N/A,N/A,N/A,N/A,N/A,N/A,No card processing
HIPAA,Not Applicable,N/A,N/A,N/A,N/A,N/A,N/A,N/A,N/A,N/A,N/A,No healthcare data
,,,,,,,,,,,,
SUMMARY,,,,,,,0,,0,,,
,,,,,,,,,,,,,
,,,,,,,,,,,,,
SHEET 3: LEGAL MATTERS & DISPUTES,,,,,,,,,
,,,,,,,,,,,,,
Matter ID,Matter Type,Description,Status,Filed Date,Expected Resolution,Legal Counsel,Estimated Cost,Actual Cost,Risk Level,Probability,Financial Exposure,Notes
MAT-001,Contract Dispute,Vendor payment dispute,Resolved,2025-11-15,2026-01-20,Internal + External,15000,12000,Low,10%,50000,Settled amicably
MAT-002,Employment Matter,Wrongful termination claim,Investigating,2026-01-10,2026-06-30,External,50000,15000,Medium,30%,200000,Discovery phase
MAT-003,IP Protection,Trademark registration,In Progress,2025-12-01,2026-06-01,External,8000,5000,Low,5%,0,Multiple countries
MAT-004,Regulatory Inquiry,Data privacy inquiry,Responding,2026-01-28,2026-04-30,Internal,10000,3000,Medium,20%,100000,Pakistan DPA
,,,,,,,,,,,,
TOTALS,,,,,,,0,0,,,0,
,,,,,,,,,,,,,
,,,,,,,,,,,,,
SHEET 4: INTELLECTUAL PROPERTY PORTFOLIO,,,,,,,,,
,,,,,,,,,,,,,
IP ID,IP Type,Title/Name,Filing Date,Registration Date,Status,Jurisdiction,Registration #,Owner,Renewal Date,Annual Cost,Strategic Value,Notes
IP-001,Trademark,Artifact Virtual™,2025-07-01,2025-10-15,Registered,Pakistan,TM-PK-12345,Artifact Virtual,2030-10-15,500,Critical,Company name
IP-002,Trademark,Artifact Virtual™,2025-08-01,2026-02-20,Pending,United States,TM-US-67890,Artifact Virtual,N/A,2000,Critical,US expansion
IP-003,Copyright,Studio Platform Code,2025-07-01,2025-07-01,Protected,All,N/A,Artifact Virtual,N/A,0,Critical,Source code
IP-004,Trade Secret,AI Training Methods,N/A,N/A,Protected,All,N/A,Artifact Virtual,N/A,0,High,Confidential process
IP-005,Patent,Distributed AI Training,2025-11-15,Pending,Filed,United States,US2025123456,Artifact Virtual,N/A,5000,High,Pending approval
IP-006,Domain,artifactvirtual.com,2025-06-01,2025-06-01,Registered,Global,N/A,Artifact Virtual,2026-06-01,50,Critical,Primary domain
IP-007,Domain,artifactvirtual.io,2025-06-01,2025-06-01,Registered,Global,N/A,Artifact Virtual,2026-06-01,50,High,Tech domain
,,,,,,,,,,,
TOTALS,,,,,,,,,,0,,
,,,,,,,,,,,,,
,,,,,,,,,,,,,
SHEET 5: REGULATORY FILINGS & LICENSES,,,,,,,,,
,,,,,,,,,,,,,
Filing ID,License/Permit Type,Issuing Authority,Issue Date,Expiry Date,Status,Renewal Date,Cost,Owner,Next Action,Priority,Notes
REG-001,Business Registration,SECP Pakistan,2025-06-15,N/A,Active,N/A,5000,Legal Team,Annual filing 2026-06,Medium,Corporate registration
REG-002,Tax Registration,FBR Pakistan,2025-06-20,N/A,Active,N/A,0,Finance,Monthly returns,High,Sales tax + income tax
REG-003,Software Export License,Pakistan SBP,2025-07-01,2026-07-01,Active,2026-07-01,1000,Legal Team,Renewal due,Medium,Export compliance
REG-004,Data Protection Reg,Pakistan DPA,2025-08-01,2027-08-01,Active,2027-08-01,2000,Legal/IT,Biennial review,High,Data privacy
REG-005,Import License,Customs Dept,2025-07-15,2026-07-15,Active,2026-07-15,500,Operations,Renewal Q2,Low,Equipment import
,,,,,,,,,,,
TOTALS,,,,,,,0,,,,
,,,,,,,,,,,,,
,,,,,,,,,,,,,
SHEET 6: PRIVACY & DATA PROTECTION,,,,,,,,,
,,,,,,,,,,,,,
Area,Control,Status,Owner,Last Review,Next Review,Data Types Covered,Risk Level,Compliance %,Gaps,Priority,Remediation,Notes
Data Collection,Consent management,Compliant,Legal/Eng,2026-01-15,2026-04-15,"PII, usage data",Low,100,0,N/A,N/A,Cookie consent + forms
Data Storage,Encryption at rest,Compliant,IT Security,2026-01-15,2026-04-15,All data,Low,100,0,N/A,N/A,AES-256
Data Transmission,Encryption in transit,Compliant,IT Security,2026-01-15,2026-04-15,All data,Low,100,0,N/A,N/A,TLS 1.3
Data Access,RBAC implemented,Compliant,IT Security,2026-01-20,2026-04-20,All systems,Low,100,0,N/A,N/A,Least privilege
Data Retention,Retention policy,In Progress,Legal/Eng,2026-02-01,2026-05-01,All data types,Medium,75,1,High,2026-03-15,Policy drafted
Data Subject Rights,DSAR portal,In Progress,Engineering,2026-01-25,2026-04-25,PII,Medium,60,1,High,2026-04-30,Q2 delivery
Data Breach Response,Incident response plan,Compliant,Security Team,2026-02-01,2026-05-01,All data,Low,90,0,Medium,N/A,Testing required
Vendor Management,DPAs signed,In Progress,Legal/Procurement,2026-01-30,2026-04-30,Vendor data,Medium,75,3,High,2026-03-01,5 of 8 signed
Cross-border Transfer,Transfer mechanisms,Compliant,Legal,2026-01-10,2026-07-10,Customer data,Medium,100,0,N/A,N/A,SCCs in place
,,,,,,,,,,,,
SUMMARY,,,,,,,,0,0,,,
,,,,,,,,,,,,,
,,,,,,,,,,,,,
SHEET 7: LEGAL BUDGET TRACKING,,,,,,,,,
,,,,,,,,,,,,,
Category,Subcategory,Monthly Budget,Q1 Budget,Q1 Actual,Q1 Variance,Q1 Variance %,Annual Budget,Annual Forecast,Notes
Personnel,Legal Team Salaries,30000,90000,90000,0,0,360000,0,General Counsel + team
External Counsel,Litigation,5000,15000,12000,0,0,60000,0,Under budget
External Counsel,Corporate/Transactional,3000,9000,8500,0,0,36000,0,Contract reviews
External Counsel,IP & Patents,2000,6000,5000,0,0,24000,0,Trademark filings
Compliance,Audits & Assessments,4000,12000,10000,0,0,48000,0,"SOC 2, ISO audits"
Compliance,Training & Education,1000,3000,2500,0,0,12000,0,Team training
IP Maintenance,Renewals & Fees,1000,3000,2600,0,0,12000,0,Trademark renewals
Regulatory,Licenses & Filings,1000,3000,2500,0,0,12000,0,Business licenses
Insurance,Legal Insurance,2000,6000,6000,0,0,24000,0,E&O insurance
,,,,,,,,,
TOTALS,,0,0,0,0,0,0,0,
,,,,,,,,,,,,,
,,,,,,,,,,,,,
SHEET 8: LEGAL & COMPLIANCE KPI DASHBOARD,,,,,,,,,,
,,,,,,,,,,,,,
Metric,Current Month,Last Month,Change,Change %,Q1 Total,Target,Progress %,Status
Compliance Score %,91,89,0,0,90,100,0,Good
Open Legal Matters,3,4,0,0,3,<5,0,Good
Contracts Under Review,8,10,0,0,8,<15,0,Good
Contract Renewal Rate %,95,92,0,0,94,90,0,Excellent
Compliance Findings,5,8,0,0,12,<20,0,Good
Average Matter Resolution (days),75,90,0,0,80,<90,0,Good
Legal Budget Utilization %,94,92,0,0,93,95,0,On Target
IP Portfolio Value (est),50000,50000,0,0,50000,100000,0,On Track
Data Breach Incidents,0,0,0,0,0,0,Excellent,Green
Regulatory Fines,0,0,0,0,0,0,Excellent,Green
,,,,,,,,,
,,,,,,,,,,,,,
INSTRUCTIONS:,,,,,,,,,
1. Review contracts monthly for renewals,,,,,,,,,
2. Track compliance status weekly,,,,,,,,,
3. Update legal matters as they progress,,,,,,,,,
4. Monitor regulatory changes quarterly,,,,,,,,,
5. Conduct annual compliance audits,,,,,,,,,
,,,,,,,,,,,,,
For full documentation see: LEGAL_COMPLIANCE_DASHBOARD.md,,,,,,,,,
