ARTIFACT VIRTUAL - OPERATIONS DASHBOARD,Version 2.0.0,Date: 2026-02-11,,,,,,,
,,,,,,,,,
SHEET 1: OPERATIONAL PROCESSES TRACKER,,,,,,,,,
,,,,,,,,,
Process ID,Process Name,Category,Owner,Status,Efficiency Score,Cycle Time (days),Cost per Cycle,Monthly Volume,Automation Level %,Priority,Next Review,Notes
PRC-001,Employee Onboarding,HR Operations,HR Manager,Active,85,3,500,4,60,High,2026-03-01,Partially automated
PRC-002,Vendor Payment Processing,Finance Ops,AP Team,Active,90,7,50,25,80,Medium,2026-04-01,Mostly automated
PRC-003,Customer Onboarding,Sales Ops,Ops Manager,Active,75,5,1200,3,40,Critical,2026-02-15,Needs improvement
PRC-004,Expense Reimbursement,Finance Ops,AP Team,Active,88,10,25,45,70,Medium,2026-03-15,Good performance
PRC-005,IT Asset Provisioning,IT Ops,IT Manager,Active,92,1,200,5,85,Medium,2026-04-01,Highly automated
PRC-006,Contract Approval,Legal Ops,Legal Team,Active,70,14,300,8,30,High,2026-02-28,Bottleneck identified
PRC-007,Invoice Generation,Finance Ops,AR Team,Active,95,1,30,15,95,Low,2026-05-01,Fully automated
PRC-008,Support Ticket Resolution,Customer Ops,Support Team,Active,80,2,150,50,50,High,2026-03-01,Scaling needed
,,,,,,,,,,,,
AVERAGES,,,,,0,0,0,0,0,,,
,,,,,,,,,,,,,
,,,,,,,,,,,,,
SHEET 3: VENDOR MANAGEMENT,,,,,,,,,
,,,,,,,,,,,,,
Vendor ID,Vendor Name,Category,Service Provided,Contract Value,Contract Start,Contract End,Performance Score,SLA Compliance %,Payment Terms,Status,Account Manager,Notes
VEN-001,AWS,Infrastructure,Cloud Services,400000,2025-08-01,2026-08-01,95,99,Net 30,Active,IT Lead,Primary cloud provider
VEN-002,Google Workspace,Software,Productivity Suite,30000,2025-07-01,2026-07-01,92,98,Monthly,Active,IT Manager,"Email, docs, calendar"
VEN-003,Datadog,Software,Monitoring,18000,2025-07-15,2026-07-15,90,99,Monthly,Active,SRE Lead,Infrastructure monitoring
VEN-004,GitHub,Software,DevOps Platform,10000,2025-07-01,2026-07-01,95,99,Monthly,Active,Engineering Lead,"Source control, CI/CD"
VEN-005,Slack,Software,Communication,12000,2025-07-01,2026-07-01,88,97,Annual,Active,Ops Manager,Team communication
VEN-006,Office Landlord,Facilities,Office Space,180000,2025-07-01,2028-06-30,85,N/A,Monthly,Active,Ops Manager,HQ office
VEN-007,Cleaning Services,Facilities,Janitorial,18000,2025-08-01,2026-08-01,90,95,Monthly,Active,Facilities Mgr,Office cleaning
VEN-008,Security Services,Facilities,Building Security,24000,2025-08-01,2026-08-01,92,98,Monthly,Active,Facilities Mgr,24/7 security
,,,,,,,,,,,,
TOTALS,,,,0,,,0,0,,,,
,,,,,,,,,,,,,
,,,,,,,,,,,,,
SHEET 4: FACILITIES MANAGEMENT,,,,,,,,,
,,,,,,,,,,,,,
Asset ID,Asset Type,Location,Status,Purchase Date,Purchase Cost,Current Value,Maintenance Cost (Annual),Last Maintenance,Next Maintenance,Responsible,Notes
FAC-001,Office Space,Islamabad HQ,Active,2025-07-01,0,0,180000,2026-01-01,2026-02-01,Facilities,Leased property
FAC-002,Server Room,Islamabad HQ,Active,2025-08-01,50000,45000,12000,2026-01-15,2026-07-15,IT,Cooling + power
FAC-003,Conference Rooms,Islamabad HQ,Active,2025-08-01,30000,28000,3000,2026-01-01,2026-06-01,Facilities,4 rooms
FAC-004,Office Furniture,Islamabad HQ,Active,2025-08-01,80000,72000,2000,N/A,2026-08-01,Facilities,"Desks, chairs"
FAC-005,Kitchen Equipment,Islamabad HQ,Active,2025-08-01,15000,14000,1500,2026-01-01,2026-07-01,Facilities,Appliances
FAC-006,HVAC System,Islamabad HQ,Active,2025-08-01,40000,38000,8000,2026-01-10,2026-04-10,Facilities,Quarterly service
FAC-007,Generator,Islamabad HQ,Active,2025-08-01,25000,24000,4000,2026-01-20,2026-07-20,Facilities,Backup power
,,,,,,,,,,,
TOTALS,,,,,0,0,0,,,,
,,,,,,,,,,,,,
,,,,,,,,,,,,,
SHEET 5: PROJECT MANAGEMENT OFFICE,,,,,,,,,
,,,,,,,,,,,,,
Project ID,Project Name,Department,Project Manager,Status,Start Date,Target End,Actual End,Budget,Spent,Progress %,Health,Key Milestone
PRJ-001,Office Setup Complete,Operations,Ops Manager,Complete,2025-07-01,2025-08-31,2025-08-28,150000,145000,100,Green,Office operational
PRJ-002,ERP System Selection,Operations,COO,In Progress,2026-01-01,2026-06-30,,50000,15000,35,Yellow,Vendor evaluation
PRJ-003,Process Automation Initiative,Operations,Ops Manager,In Progress,2026-01-15,2026-09-30,,100000,25000,25,Green,Requirements done
PRJ-004,Supply Chain Setup,Operations,Supply Chain Mgr,Planning,2026-03-01,2026-12-31,,75000,5000,10,Green,Planning phase
PRJ-005,Quality Management System,Operations,Quality Mgr,Planning,2026-02-01,2026-08-31,,60000,8000,15,Green,ISO 9001 prep
,,,,,,,,,,,,
TOTALS,,,,,,,,0,0,0,,
,,,,,,,,,,,,,
,,,,,,,,,,,,,
SHEET 6: INVENTORY & ASSET MANAGEMENT,,,,,,,,,
,,,,,,,,,,,,,
Asset Category,Item Description,Quantity,Unit Cost,Total Value,Location,Custodian,Status,Last Audit,Next Audit,Reorder Level,Notes
IT Equipment,Laptops (MacBook Pro),45,2000,90000,Islamabad,IT Team,In Use,2026-01-15,2026-07-15,5,Employee devices
IT Equipment,Monitors (27 inch),60,400,24000,Islamabad,IT Team,In Use,2026-01-15,2026-07-15,10,Dual monitors
IT Equipment,Keyboards & Mice,50,100,5000,Islamabad,IT Team,In Use,2026-01-15,2026-07-15,10,Accessories
Office Supplies,Paper & Stationery,1,5000,5000,Islamabad,Admin,Stock,2026-02-01,2026-03-01,1,Bulk supply
Furniture,Office Chairs,55,300,16500,Islamabad,Facilities,In Use,2026-01-01,2026-07-01,5,Ergonomic chairs
Furniture,Standing Desks,45,800,36000,Islamabad,Facilities,In Use,2026-01-01,2026-07-01,5,Adjustable desks
Meeting Rooms,Projectors,4,1500,6000,Islamabad,IT Team,In Use,2026-01-15,2026-07-15,1,Conference rooms
Meeting Rooms,Video Conf Systems,4,3000,12000,Islamabad,IT Team,In Use,2026-01-15,2026-07-15,1,Zoom rooms
,,,,,,,,,,,
TOTALS,,0,,0,,,,,,,
,,,,,,,,,,,,,
,,,,,,,,,,,,,
SHEET 7: OPERATIONS BUDGET TRACKING,,,,,,,,,
,,,,,,,,,,,,,
Category,Subcategory,Monthly Budget,Q1 Budget,Q1 Actual,Q1 Variance,Q1 Variance %,Annual Budget,Annual Forecast,Notes
Personnel,Operations Team,60000,180000,180000,0,0,720000,0,8 team members
Facilities,Office Rent,15000,45000,45000,0,0,180000,0,HQ lease
Facilities,Utilities,3000,9000,8500,0,0,36000,0,"Power, water, internet"
Facilities,Maintenance,2000,6000,5500,0,0,24000,0,"Cleaning, repairs"
Facilities,Security,2000,6000,6000,0,0,24000,0,24/7 security
Office Operations,Supplies,2000,6000,5800,0,0,24000,0,General supplies
Office Operations,Equipment,3000,9000,8200,0,0,36000,0,Small equipment
Travel,Domestic Travel,3000,9000,7500,0,0,36000,0,Team travel
Travel,International Travel,5000,15000,12000,0,0,60000,0,Under budget
Professional Services,Consultants,5000,15000,12000,0,0,60000,0,Process improvement
,,,,,,,,,
TOTALS,,0,0,0,0,0,0,0,
,,,,,,,,,,,,,
,,,,,,,,,,,,,
SHEET 8: OPERATIONS KPI DASHBOARD,,,,,,,,,,
,,,,,,,,,,,,,
Metric,Current Month,Last Month,Change,Change %,Q1 Total,Target,Progress %,Status
Process Efficiency Score,84,82,0,0,83,90,0,Good
Average Cycle Time (days),5.4,5.8,0,0,5.5,4,0,Needs Work
Automation Level %,64,60,0,0,62,75,0,On Track
Vendor Performance Score,91,90,0,0,90,90,0,Excellent
Facilities Utilization %,75,72,0,0,74,80,0,Good
Project On-Time Delivery %,80,75,0,0,78,90,0,Needs Work
Cost per Transaction,194,210,0,0,200,150,0,Needs Work
Employee Productivity Score,88,85,0,0,87,90,0,Good
Budget Utilization %,93,90,0,0,92,95,0,On Target
Process Improvement Projects,3,2,0,0,3,8,0,On Track
,,,,,,,,,
,,,,,,,,,,,,,
INSTRUCTIONS:,,,,,,,,,
1. Monitor process efficiency weekly,,,,,,,,,
2. Review vendor performance monthly,,,,,,,,,
3. Track facility maintenance schedules,,,,,,,,,
4. Update project status weekly,,,,,,,,,
5. Conduct quarterly operational reviews,,,,,,,,,
,,,,,,,,,,,,,
For full documentation see: OPERATIONS_DASHBOARD.md,,,,,,,,,
