ARTIFACT VIRTUAL - R&D OPERATIONS DASHBOARD,Version 2.0.0,Date: 2026-02-11,,,,,,,
,,,,,,,,,
SHEET 1: RESEARCH PROJECTS TRACKER,,,,,,,,,
,,,,,,,,,
Project ID,Project Name,Research Area,Phase,Status,Priority,Start Date,Target Date,Completion %,Budget,Spent,Remaining,Lead Researcher,Team Size
RD-001,Quantum Computing Integration,Advanced Computing,Exploration,Active,High,2026-01-01,2026-12-31,15,250000,37500,0,Dr. Smith,4
RD-002,Edge AI Framework,AI/ML,Development,Active,Critical,2025-12-01,2026-06-30,45,400000,180000,0,Dr. Johnson,6
RD-003,Blockchain Architecture,Distributed Systems,Proof of Concept,Active,Medium,2026-01-15,2026-08-31,20,150000,30000,0,Dr. Lee,3
RD-004,Next-Gen Security Protocol,Cybersecurity,Research,Planning,High,2026-02-01,2026-10-31,5,200000,10000,0,Dr. Patel,5
RD-005,Green Computing Initiative,Sustainability,Research,Planning,Medium,2026-03-01,2026-12-31,3,100000,3000,0,Dr. Chen,2
,,,,,,,,,,,,,
TOTALS,,,,,,,,0,0,0,0,,0
,,,,,,,,,,,,,
,,,,,,,,,,,,,
SHEET 2: INNOVATION PIPELINE,,,,,,,,,
,,,,,,,,,,,,,
Innovation ID,Title,Category,Stage,Feasibility Score,Impact Score,Innovation Score,Investment Required,Expected ROI %,Time to Market (mo),Champion,Status,Next Milestone
INV-001,AI-Powered Analytics,Product,Development,85,90,0,150000,300,12,PM 1,Green,Alpha release
INV-002,Automated Testing Suite,Process,Proof of Concept,75,70,0,80000,150,6,PM 2,Yellow,POC demo
INV-003,Developer Portal,Platform,Ideation,80,85,0,200000,250,18,PM 3,Green,Design complete
INV-004,Mobile SDK,Product,Research,70,80,0,120000,200,9,PM 1,Green,Market research
INV-005,API Gateway V2,Infrastructure,Development,90,88,0,180000,180,8,PM 2,Yellow,Beta testing
,,,,,,,,,,,,
AVERAGES,,,,0,0,0,0,0,0,,,
,,,,,,,,,,,,,
,,,,,,,,,,,,,
SHEET 3: PATENTS & IP TRACKER,,,,,,,,,
,,,,,,,,,,,,,
Patent ID,Title,Type,Inventors,Filing Date,Status,Country,Application Number,Est. Approval Date,Legal Cost,Strategic Value,Category,Notes
PAT-001,Distributed AI Training Method,Patent,"Dr. Smith, Dr. Johnson",2025-11-15,Filed,US,US2025123456,2027-11-15,25000,High,AI/ML,Core technology
PAT-002,Edge Computing Protocol,Patent,Dr. Lee,2026-01-05,Drafting,US,Pending,2028-01-05,20000,Medium,Infrastructure,Supporting tech
PAT-003,Studio Platform Architecture,Trade Secret,Multiple,N/A,Protected,N/A,N/A,N/A,5000,Critical,Platform,Confidential
PAT-004,Quantum-Safe Encryption,Patent,Dr. Patel,2026-01-20,Provisional,US,US2026234567,2027-06-20,30000,High,Security,Emerging tech
,,,,,,,,,,,,
TOTALS,,,,,,,,,0,,,
,,,,,,,,,,,,,
,,,,,,,,,,,,,
SHEET 4: PROTOTYPE & POC TRACKER,,,,,,,,,
,,,,,,,,,,,,,
Prototype ID,Name,Technology,Purpose,Status,Start Date,Demo Date,Success Criteria Met %,Development Cost,Testing Status,User Feedback Score,Next Phase,Decision
POC-001,AI Studio Beta,AI/ML Platform,Customer validation,Testing,2025-12-01,2026-02-15,80,75000,In Progress,8.5,Limited release,Green
POC-002,Mobile App MVP,Mobile,Feature validation,Complete,2026-01-10,2026-01-31,95,40000,Passed,9.0,Full development,Green
POC-003,Blockchain Integration,Blockchain,Technical feasibility,Development,2026-01-20,2026-03-15,50,55000,Not started,0,Continue dev,Green
POC-004,Voice Interface,NLP/Voice,User experience,Planning,2026-02-01,2026-03-30,25,35000,Not started,0,POC build,Green
,,,,,,,,,,,,
TOTALS,,,,,,,0,0,,0,,
,,,,,,,,,,,,,
,,,,,,,,,,,,,
SHEET 5: TECHNOLOGY ASSESSMENT,,,,,,,,,
,,,,,,,,,,,,,
Technology,Category,Maturity Level,Adoption Recommendation,Strategic Importance,Risk Level,Investment Priority,Current Usage,Planned Usage,Vendor/Source,Assessment Date,Assessor,Next Review
Kubernetes,Infrastructure,Mature,Adopt,High,Low,1,Production,Expand,CNCF,2026-01-15,Tech Lead 1,2026-07-15
GraphQL,API,Mature,Adopt,Medium,Low,2,Production,Maintain,Open Source,2026-01-20,Tech Lead 2,2026-07-20
WebAssembly,Runtime,Emerging,Trial,Medium,Medium,3,POC,Evaluate,W3C,2026-01-25,Architect 1,2026-04-25
Rust Language,Programming,Maturing,Trial,Medium,Low,3,Learning,POC,Open Source,2026-02-01,Tech Lead 1,2026-05-01
Quantum Computing,Advanced,Early,Assess,Low,High,5,Research,Research,IBM/AWS,2026-01-10,Dr. Smith,2026-06-10
Edge AI,AI/ML,Emerging,Adopt,High,Medium,1,Development,Production,Open Source,2026-01-15,Dr. Johnson,2026-04-15
5G Integration,Connectivity,Mature,Adopt,Medium,Low,4,Planning,Evaluate,Telecom,2026-01-28,Architect 2,2026-07-28
,,,,,,,,,,,,
,,,,,,,,,,,,,
SHEET 6: RESEARCH TEAM CAPACITY,,,,,,,,,
,,,,,,,,,,,,,
Researcher,Title,Specialization,Active Projects,Research Hours,Admin Hours,Total Hours,Capacity %,Publications (YTD),Patents (YTD),Performance,Status,Next Goal
Dr. Smith,Principal Scientist,Quantum Computing,1,140,20,160,0,0,1,Excellent,Active,Publish paper
Dr. Johnson,Senior Scientist,AI/ML,1,130,30,160,0,0,1,Excellent,Active,File patent
Dr. Lee,Senior Scientist,Distributed Systems,1,135,25,160,0,0,1,Good,Active,Complete POC
Dr. Patel,Senior Scientist,Cybersecurity,1,140,20,160,0,0,1,Excellent,Active,Publish paper
Dr. Chen,Scientist,Sustainability,1,145,15,160,0,0,0,Good,Active,Research milestone
Research Assoc 1,Research Associate,AI/ML,2,150,10,160,0,0,0,Good,Active,Support Dr. Johnson
Research Assoc 2,Research Associate,Infrastructure,2,150,10,160,0,0,0,Good,Active,Support projects
Research Assoc 3,Research Associate,Security,1,150,10,160,0,0,0,Developing,Active,Grow expertise
,,,,,,,,,,,,
TOTALS,,,0,0,0,0,0,0,0,,,
,,,,,,,,,,,,,
,,,,,,,,,,,,,
SHEET 7: R&D BUDGET TRACKING,,,,,,,,,
,,,,,,,,,,,,,
Category,Subcategory,Monthly Budget,Q1 Budget,Q1 Actual,Q1 Variance,Q1 Variance %,Annual Budget,Annual Forecast,Notes
Personnel,Salaries & Benefits,120000,360000,360000,0,0,1440000,0,At budget
Research Materials,Lab Equipment,15000,45000,42000,0,0,180000,0,Under budget
Research Materials,Software & Tools,8000,24000,23500,0,0,96000,0,On track
Prototyping,Development Costs,20000,60000,55000,0,0,240000,0,Under budget
IP & Legal,Patent Filings,10000,30000,25000,0,0,120000,0,Under budget
Collaboration,University Partnerships,5000,15000,15000,0,0,60000,0,At budget
Conferences,Travel & Events,8000,24000,20000,0,0,96000,0,Under budget
Infrastructure,Cloud & Compute,12000,36000,35000,0,0,144000,0,On track
,,,,,,,,,
TOTALS,,0,0,0,0,0,0,0,
,,,,,,,,,,,,,
,,,,,,,,,,,,,
SHEET 8: KPI DASHBOARD,,,,,,,,,,
,,,,,,,,,,,,,
Metric,Current Month,Last Month,Change,Change %,Q1 Total,Target,Progress %,Status
Active Research Projects,5,4,0,0,5,8,0,On Track
Innovations in Pipeline,5,5,0,0,5,10,0,On Track
Patents Filed,1,0,0,0,2,4,0,On Track
Prototypes Completed,1,0,0,0,2,4,0,On Track
Research Papers Published,0,0,0,0,0,3,0,Behind
Technology Assessments,7,5,0,0,7,12,0,On Track
Partner Collaborations,2,2,0,0,2,4,0,On Track
Innovation Score (Avg),82,80,0,0,82,85,0,On Track
Budget Utilization %,89,85,0,0,89,95,0,On Track
Team Capacity %,87,85,0,0,87,90,0,On Track
,,,,,,,,,
,,,,,,,,,,,,,
INSTRUCTIONS:,,,,,,,,,
1. Update research progress weekly,,,,,,,,,
2. Track all innovations and patents,,,,,,,,,
3. Review technology assessments quarterly,,,,,,,,
4. Monitor budget and team capacity,,,,,,,,,
5. Document all experiments and outcomes,,,,,,,,,
,,,,,,,,,,,,,
For full documentation see: AVRD_DASHBOARD.md,,,,,,,,,
