ARTIFACT VIRTUAL - EXECUTIVE OPERATIONS DASHBOARD,Version 2.0.0,Date: 2026-02-11,,,,,,,
,,,,,,,,,
SHEET 1: COMPANY-WIDE FINANCIAL OVERVIEW,,,,,,,,,
,,,,,,,,,
Period,Total Revenue,COGS,Gross Profit,Gross Margin %,Operating Expenses,EBITDA,EBITDA Margin %,Net Income,Net Margin %,Headcount,Revenue per Employee
2026 Q1,225000,101250,0,0,141750,0,0,0,0,45,0
2026 Q2,450000,202500,0,0,270000,0,0,0,0,52,0
2026 Q3,675000,303750,0,0,405000,0,0,0,0,58,0
2026 Q4,900000,405000,0,0,540000,0,0,0,0,65,0
2026 Total,0,0,0,0,0,0,0,0,0,0,0
,,,,,,,,,,,
2027 Target,5500000,2475000,0,0,3300000,0,0,0,0,85,0
2028 Target,15000000,6750000,0,0,9000000,0,0,0,0,125,0
,,,,,,,,,,,,,
,,,,,,,,,,,,,
SHEET 2: STRATEGIC OBJECTIVES TRACKER,,,,,,,,,
,,,,,,,,,,,,,
Objective ID,Strategic Objective,Category,Owner,Status,Priority,Start Date,Target Date,Progress %,Budget,KPI,Current,Target,Health
OBJ-001,Launch AI Studio Platform,Product,CTO,In Progress,Critical,2026-01-01,2026-06-30,35,2000000,Users,150,1000,Green
OBJ-002,Achieve $2.25M ARR,Revenue,CEO,In Progress,Critical,2026-01-01,2026-12-31,10,0,ARR,225000,2250000,Green
OBJ-003,Expand to US Market,Growth,COO,Planning,High,2026-03-01,2026-09-30,5,500000,Customers,0,10,Green
OBJ-004,Build 100-Person Team,People,CHRO,In Progress,High,2026-01-01,2026-12-31,45,8000000,Headcount,45,100,Green
OBJ-005,Secure Series A Funding,Finance,CFO,Planning,Critical,2026-04-01,2026-08-31,15,0,Amount,0,10000000,Green
OBJ-006,Achieve SOC2 Compliance,Security,CTO,In Progress,High,2026-02-01,2026-10-31,20,150000,Compliance %,20,100,Green
,,,,,,,,,,,,,
,,,,,,,,,,,,,,
SHEET 3: DEPARTMENTAL PERFORMANCE,,,,,,,,,
,,,,,,,,,,,,,
Department,Head,Headcount,Budget,Spend,Budget Util %,Key Metric,Current,Target,Performance %,Status,Top Priority,Integration Score
Executive,CEO,5,1200000,300000,0,Company Growth,10,100,0,Green,Strategic planning,100
Finance,CFO,8,800000,200000,0,Cash Runway (mo),18,24,0,Green,Fundraising prep,95
HR,CHRO,6,600000,150000,0,Retention Rate %,95,98,0,Green,Talent acquisition,90
Marketing,CMO,10,1200000,300000,0,MQLs,100,500,0,Yellow,Lead generation,85
Operations,COO,8,1000000,250000,0,Process Efficiency,75,90,0,Yellow,Optimization,88
IT Infrastructure,CTO,12,2400000,600000,0,Uptime %,99.5,99.9,0,Green,Scalability,92
AI/ML (AVML),Tech Lead,10,2000000,500000,0,Models Deployed,4,8,0,Yellow,Platform launch,95
R&D (AVRD),VP R&D,8,1600000,400000,0,Innovations,5,10,0,Yellow,Patent filings,90
Legal,General Counsel,4,500000,125000,0,Compliance Score,85,95,0,Yellow,Risk mitigation,88
,,,,,,,,,,,,
TOTALS,,0,0,0,0,,,,,,,0
,,,,,,,,,,,,,
,,,,,,,,,,,,,
SHEET 4: RISK REGISTER,,,,,,,,,
,,,,,,,,,,,,,
Risk ID,Risk Description,Category,Probability,Impact,Risk Score,Owner,Mitigation Strategy,Status,Last Review,Next Review,Cost of Mitigation
RISK-001,Key talent attrition,People,Medium,High,Green,CHRO,"Competitive compensation, culture",Active,2026-02-01,2026-03-01,500000
RISK-002,Delayed product launch,Execution,Medium,Critical,Green,CTO,"Agile methodology, buffers",Active,2026-02-01,2026-02-15,200000
RISK-003,Funding round failure,Financial,Low,Critical,Green,CFO,Multiple investor pipeline,Monitoring,2026-01-15,2026-03-15,100000
RISK-004,Security breach,Technology,Low,Critical,Green,CTO,"SOC2, penetration testing",Active,2026-02-01,2026-02-15,150000
RISK-005,Market competition,Market,High,High,Green,CEO,"Differentiation, speed",Active,2026-02-01,2026-03-01,300000
RISK-006,Regulatory changes,Legal,Medium,Medium,Green,General Counsel,"Legal monitoring, compliance",Monitoring,2026-01-30,2026-04-30,75000
,,,,,,,,,,,,
,,,,,,,,,,,,,
SHEET 5: BOARD & INVESTOR METRICS,,,,,,,,,
,,,,,,,,,,,,,
Metric,Current,Target,Variance,Status,Benchmark,Percentile,Definition,Data Source,Last Updated
MRR,18750,187500,0,Red,Industry avg: 50K,Below avg,Monthly Recurring Revenue,Finance,2026-02-11
ARR,225000,2250000,0,Red,Industry avg: 1M,Below avg,Annual Recurring Revenue,Finance,2026-02-11
Gross Margin %,55,60,0,Yellow,Industry: 70%,Below avg,(Revenue - COGS) / Revenue,Finance,2026-02-11
Burn Rate (monthly),425000,350000,0,Yellow,Depends on stage,N/A,Monthly cash decrease,Finance,2026-02-11
Cash Runway (months),18,24,0,Yellow,Min: 12 months,Good,Cash / Burn Rate,Finance,2026-02-11
CAC,5000,3500,0,Yellow,Industry: $4K,Average,Customer Acquisition Cost,Marketing,2026-02-11
LTV,350000,500000,0,Yellow,Industry: $400K,Average,Customer Lifetime Value,Finance,2026-02-11
LTV:CAC Ratio,70,100,0,Green,Benchmark: >3,Excellent,Lifetime Value to CAC,Finance,2026-02-11
NRR %,0,120,0,Red,Benchmark: >110%,N/A,Net Revenue Retention,Finance,2026-02-11
Team Growth %,0,122,0,Red,Depends on stage,N/A,YoY headcount growth,HR,2026-02-11
,,,,,,,,,
,,,,,,,,,,,,,
SHEET 6: EXECUTIVE MEETING TRACKER,,,,,,,,,
,,,,,,,,,,,,,
Meeting Type,Frequency,Last Meeting,Next Meeting,Attendees,Duration (min),Agenda Items,Decisions Made,Action Items,Status,Notes
Board Meeting,Quarterly,2025-12-15,2026-03-15,Board + Execs,120,"Strategy, Financials, Progress",Approved budget,5 pending,Scheduled,Q1 review
Executive Team,Weekly,2026-02-01,2026-02-08,All Execs,60,"Operations, Blockers",Product priority,8 pending,Recurring,
All Hands,Monthly,2026-02-01,2026-03-01,All Staff,45,"Updates, Recognition",None,2 pending,Recurring,Company culture
Investor Update,Monthly,2026-02-01,2026-03-01,CEO + CFO + Investors,30,"Metrics, Milestones",None,3 pending,Recurring,Email format
Strategic Planning,Quarterly,2026-01-15,2026-04-15,Execs + Directors,180,"OKRs, Roadmap",Q1 priorities,12 completed,Scheduled,Offsite
,,,,,,,,,,
,,,,,,,,,,,,,
SHEET 7: EXECUTIVE BUDGET & INITIATIVES,,,,,,,,,
,,,,,,,,,,,,,
Category,Subcategory,Monthly Budget,Q1 Budget,Q1 Actual,Q1 Variance,Q1 Variance %,Annual Budget,Annual Forecast,Notes
Executive Comp,Salaries & Equity,100000,300000,300000,0,0,1200000,0,C-suite compensation
Board & Governance,"Board fees, Legal",10000,30000,28000,0,0,120000,0,Under budget
Strategic Initiatives,"Consulting, Advisory",15000,45000,42000,0,0,180000,0,Strategy support
Investor Relations,Communications,5000,15000,14000,0,0,60000,0,"Updates, reporting"
Corporate Development,"M&A, Partnerships",10000,30000,25000,0,0,120000,0,Partnership development
Travel & Events,Executive travel,8000,24000,22000,0,0,96000,0,"Conferences, meetings"
Office & Admin,Facilities,15000,45000,44000,0,0,180000,0,HQ operations
Insurance & Legal,"D&O, General",10000,30000,30000,0,0,120000,0,Risk management
,,,,,,,,,
TOTALS,,0,0,0,0,0,0,0,
,,,,,,,,,,,,,
,,,,,,,,,,,,,
SHEET 8: EXECUTIVE KPI DASHBOARD,,,,,,,,,,
,,,,,,,,,,,,,
Metric,Current Month,Last Month,Change,Change %,Q1 Total,Target,Progress %,Status
Company Valuation,10000000,10000000,0,0,10000000,50000000,0,On Track
Total ARR,225000,150000,0,0,225000,2250000,0,Behind
Total Headcount,45,42,0,0,45,100,0,On Track
Cash Balance,7650000,8000000,0,0,7650000,10000000,0,Good
Monthly Burn,425000,400000,0,0,425000,350000,0,Attention Needed
Customer Count,15,12,0,0,15,100,0,On Track
Product Launches,0,0,0,0,0,3,0,Pending
Strategic Partnerships,2,1,0,0,2,10,0,On Track
Employee Satisfaction,8.5,8.3,0,0,8.5,9.0,0,Good
Open Critical Risks,4,5,0,0,4,2,0,Needs Attention
,,,,,,,,,
,,,,,,,,,,,,,
INSTRUCTIONS:,,,,,,,,,
1. Review this dashboard in weekly executive meetings,,,,,,,,,
2. Update financial data monthly from Finance,,,,,,,,,
3. Track strategic objectives progress weekly,,,,,,,,,
4. Review and update risk register bi-weekly,,,,,,,,,
5. Use for board meetings and investor updates,,,,,,,,,
,,,,,,,,,,,,,
For full documentation see: EXECUTIVE_DASHBOARD.md,,,,,,,,,
