ARTIFACT VIRTUAL - FINANCE OPERATIONS DASHBOARD,Version 2.0.0,Date: 2026-02-11,,,,,,,
,,,,,,,,,
SHEET 1: FINANCIAL STATEMENTS - P&L,,,,,,,,,
,,,,,,,,,
Period,Revenue,Cost of Revenue,Gross Profit,Gross Margin %,R&D,Sales & Marketing,G&A,Total OpEx,EBITDA,EBITDA %,Interest,Tax,Net Income
Jan 2026,50000,22500,0,0,60000,30000,25000,0,0,0,0,0,0
Feb 2026,75000,33750,0,0,60000,35000,25000,0,0,0,0,0,0
Mar 2026,100000,45000,0,0,60000,35000,25000,0,0,0,0,0,0
Q1 2026,0,0,0,0,0,0,0,0,0,0,0,0,0
,,,,,,,,,,,,,
Apr 2026,125000,56250,0,0,65000,40000,28000,0,0,0,0,0,0
May 2026,150000,67500,0,0,65000,45000,28000,0,0,0,0,0,0
Jun 2026,175000,78750,0,0,65000,45000,28000,0,0,0,0,0,0
Q2 2026,0,0,0,0,0,0,0,0,0,0,0,0,0
,,,,,,,,,,,,,,
,,,,,,,,,,,,,,
SHEET 2: BALANCE SHEET,,,,,,,,,
,,,,,,,,,,,,,
Account,Jan 2026,Feb 2026,Mar 2026,Q1 2026,Feb Change,Mar Change,Q1 Change %,Notes
ASSETS,,,,,,,,
Cash & Equivalents,7800000,7500000,7650000,7650000,0,0,0,Operating cash
Accounts Receivable,25000,40000,55000,55000,0,0,0,Customer invoices
Prepaid Expenses,50000,48000,46000,46000,0,0,0,Prepaid services
Equipment & Assets,200000,195000,190000,190000,0,0,0,Depreciation
Total Assets,0,0,0,0,0,0,0,
,,,,,,,,
LIABILITIES,,,,,,,,
Accounts Payable,35000,42000,48000,48000,0,0,0,Vendor payables
Accrued Expenses,85000,88000,90000,90000,0,0,0,"Salaries, etc."
Deferred Revenue,0,0,0,0,0,0,0,Future revenue
Total Liabilities,0,0,0,0,0,0,0,
,,,,,,,,
EQUITY,,,,,,,,
Paid-in Capital,10000000,10000000,10000000,10000000,0,0,0,Founder equity
Retained Earnings,0,0,0,0,0,0,0,Accumulated
Total Equity,0,0,0,0,0,0,0,
,,,,,,,,,,,,,
,,,,,,,,,,,,,
SHEET 3: CASH FLOW STATEMENT,,,,,,,,,
,,,,,,,,,,,,,
Category,Jan 2026,Feb 2026,Mar 2026,Q1 2026,Notes
OPERATING ACTIVITIES,,,,,
Net Income,-35000,-55000,-70000,0,From P&L
Depreciation,5000,5000,5000,0,Non-cash
Change in AR,-25000,-15000,-15000,0,Receivables
Change in AP,35000,7000,6000,0,Payables
Change in Accrued,85000,3000,2000,0,Accruals
Net Operating CF,0,0,0,0,
,,,,,
INVESTING ACTIVITIES,,,,,
Equipment Purchase,-50000,0,0,0,CapEx
Software & Licenses,-20000,-10000,-10000,0,Technology
Net Investing CF,0,0,0,0,
,,,,,
FINANCING ACTIVITIES,,,,,
Equity Raised,10000000,0,0,0,Seed round
Debt Proceeds,0,0,0,0,None
Net Financing CF,0,0,0,0,
,,,,,
Net Change in Cash,0,0,0,0,
Beginning Cash,1800000,0,0,1800000,
Ending Cash,0,0,0,0,
,,,,,,,,,,,,,
,,,,,,,,,,,,,
SHEET 4: ACCOUNTS RECEIVABLE AGING,,,,,,,,,
,,,,,,,,,,,,,
Customer,Invoice #,Invoice Date,Due Date,Amount,Current,1-30 Days,31-60 Days,61-90 Days,90+ Days,Status,Collections Notes
Customer A,INV-001,2026-01-15,2026-02-14,15000,15000,0,0,0,0,Current,Payment expected
Customer B,INV-002,2026-01-22,2026-02-21,20000,20000,0,0,0,0,Current,Auto-pay setup
Customer C,INV-003,2025-12-28,2026-01-27,10000,0,10000,0,0,0,Overdue,Follow-up sent
Customer D,INV-004,2026-02-01,2026-03-03,10000,10000,0,0,0,0,Current,Net 30 terms
,,,,,,,,,,,
TOTALS,,,,0,0,0,0,0,0,,
,,,,,,,,,,,,,
,,,,,,,,,,,,,
SHEET 5: ACCOUNTS PAYABLE TRACKER,,,,,,,,,
,,,,,,,,,,,,,
Vendor,Invoice #,Invoice Date,Due Date,Amount,Category,Payment Status,Payment Date,Days Outstanding,Discount Available,Payment Method,Notes
AWS,AWS-001,2026-02-01,2026-02-15,65000,Infrastructure,Scheduled,2026-02-15,0,0,ACH,Monthly compute
Google Workspace,GW-001,2026-02-01,2026-02-08,2500,Software,Scheduled,2026-02-08,0,0,Credit Card,Team licenses
Office Lease,LEASE-02,2026-02-01,2026-02-05,15000,Facilities,Paid,2026-02-03,0,0,Wire,Monthly rent
Vendor X,VX-125,2026-01-25,2026-02-24,8500,Services,Pending,,0,2%,ACH,Consulting
,,,,,,,,,,,
TOTALS,,,,0,,,,,0,,
,,,,,,,,,,,,,
,,,,,,,,,,,,,
SHEET 6: BUDGET VS ACTUAL,,,,,,,,,
,,,,,,,,,,,,,
Department,Budget Category,Monthly Budget,Q1 Budget,Q1 Actual,Variance,Variance %,Annual Budget,Forecast,YoY Growth %,Status
Executive,All Categories,173000,519000,505000,0,0,2076000,0,0,Green
Finance,All Categories,100000,300000,290000,0,0,1200000,0,0,Green
HR,All Categories,75000,225000,218000,0,0,900000,0,0,Green
Marketing,All Categories,100000,300000,295000,0,0,1200000,0,0,Green
Operations,All Categories,83333,250000,242000,0,0,1000000,0,0,Green
IT Infrastructure,All Categories,200000,600000,585000,0,0,2400000,0,0,Green
AI/ML (AVML),All Categories,166667,500000,490000,0,0,2000000,0,0,Green
R&D (AVRD),All Categories,133333,400000,387000,0,0,1600000,0,0,Green
Legal,All Categories,41667,125000,118000,0,0,500000,0,0,Green
,,,,,,,,,,
TOTALS,,0,0,0,0,0,0,0,,
,,,,,,,,,,,,,
,,,,,,,,,,,,,
SHEET 7: FINANCIAL RATIOS & METRICS,,,,,,,,,
,,,,,,,,,,,,,
Metric,Current,Target,Industry Benchmark,Status,Formula,Notes
Current Ratio,0,2.0,2.0,Excellent,Current Assets / Current Liabilities,Liquidity measure
Quick Ratio,0,1.5,1.5,Excellent,(Current Assets - Inventory) / Current Liabilities,Immediate liquidity
Debt to Equity,0,0.5,0.5,Excellent,Total Debt / Total Equity,Leverage
Gross Margin %,55,60,70,Good,Gross Profit / Revenue,Profitability
Operating Margin %,-40,10,20,Needs Work,Operating Income / Revenue,Efficiency
Burn Multiple,1.89,1.5,<1.5,Needs Work,Net Burn / Net New ARR,Capital efficiency
Months of Runway,18,24,18,Good,Cash / Monthly Burn,Survival metric
CAC Payback (months),12,12,12,On Target,CAC / (MRR * Gross Margin),Time to recover CAC
Magic Number,0.3,0.75,0.75,Low,Net New ARR / Sales & Marketing Spend,Growth efficiency
Rule of 40,0,40,40,Excellent,Growth Rate % + Profit Margin %,SaaS health
,,,,,,,,,,,,,
,,,,,,,,,,,,,
SHEET 8: FINANCE KPI DASHBOARD,,,,,,,,,,
,,,,,,,,,,,,,
Metric,Current Month,Last Month,Change,Change %,Q1 Total,Target,Progress %,Status
Total Revenue,100000,75000,0,0,225000,900000,0,On Track
Gross Profit,55000,41250,0,0,123750,540000,0,On Track
Operating Expenses,110000,110000,0,0,330000,440000,0,Under Budget
Net Income,-70000,-55000,0,0,-160000,50000,0,Behind
Cash Balance,7650000,7500000,0,0,7650000,10000000,0,Good
Burn Rate,425000,400000,0,0,425000,350000,0,Attention
AR Collection Days,33,32,0,0,33,30,0,Slight Delay
AP Payment Days,29,28,0,0,29,30,0,Good
Budget Variance %,-3,"-2""",0,0,-3,0,Favorable,Green
Forecast Accuracy %,95,94,0,0,95,98,0,Good
,,,,,,,,,
,,,,,,,,,,,,,
INSTRUCTIONS:,,,,,,,,,
1. Update P&L and cash flow weekly,,,,,,,,,
2. Reconcile accounts daily,,,,,,,,,
3. Review AR aging and follow up on overdue,,,,,,,,,
4. Monitor cash runway and burn rate,,,,,,,,,
5. Prepare monthly financial reports,,,,,,,,,
,,,,,,,,,,,,,
For full documentation see: FINANCE_DASHBOARD.md,,,,,,,,,
