ARTIFACT VIRTUAL - IT INFRASTRUCTURE DASHBOARD,Version 2.0.0,Date: 2026-02-11,,,,,,,
,,,,,,,,,
SHEET 1: INFRASTRUCTURE INVENTORY,,,,,,,,,
,,,,,,,,,
Asset ID,Asset Name,Type,Environment,Provider,Region,Status,Provisioned Date,CPU/Cores,RAM (GB),Storage (TB),Monthly Cost,Owner,Purpose
INF-001,Production Cluster,Kubernetes,Production,AWS,us-east-1,Active,2025-08-01,128,512,10,18000,Platform Team,Main application
INF-002,Staging Cluster,Kubernetes,Staging,AWS,us-east-1,Active,2025-08-15,32,128,2,4500,Platform Team,Testing
INF-003,Dev Cluster,Kubernetes,Development,AWS,us-east-1,Active,2025-09-01,16,64,1,2200,Engineering,Development
INF-004,Database Primary,RDS PostgreSQL,Production,AWS,us-east-1,Active,2025-08-01,16,128,5,3800,Database Team,Primary DB
INF-005,Database Replica,RDS PostgreSQL,Production,AWS,us-west-2,Active,2025-08-01,16,128,5,3800,Database Team,DR replica
INF-006,Redis Cache,ElastiCache,Production,AWS,us-east-1,Active,2025-08-15,8,64,0.5,1200,Platform Team,Caching
INF-007,S3 Storage,Object Storage,All,AWS,us-east-1,Active,2025-07-01,0,0,50,1150,Platform Team,File storage
INF-008,CDN,CloudFront,Production,AWS,Global,Active,2025-08-01,0,0,0,2500,Platform Team,Content delivery
INF-009,Monitoring,Datadog,All,Datadog,Cloud,Active,2025-07-15,0,0,1,1500,SRE Team,Observability
INF-010,CI/CD Pipeline,GitHub Actions,All,GitHub,Cloud,Active,2025-07-01,0,0,2,800,Engineering,Build/Deploy
,,,,,,,,,,,,
TOTALS,,,,,,,,0,0,0,0,,
,,,,,,,,,,,,,
,,,,,,,,,,,,,
SHEET 2: SYSTEM PERFORMANCE METRICS,,,,,,,,,
,,,,,,,,,,,,,
System,Metric,Current Value,Target,Threshold,Status,Last 7d Avg,Last 30d Avg,Trend,Last Incident,SLA,Notes
API Gateway,Uptime %,99.97,99.95,99.90,Green,99.96,99.95,Stable,2026-01-20,99.95%,On target
API Gateway,Latency (ms),45,50,100,Green,48,52,Improving,N/A,<100ms,Good performance
Database,Query Time (ms),25,30,50,Green,28,30,Stable,N/A,<50ms,Optimized
Database,Connections,250,500,800,Green,235,220,Increasing,N/A,<1000,Normal growth
Application,Error Rate %,0.05,0.1,0.5,Green,0.08,0.12,Improving,2026-02-01,<0.5%,Recently fixed
Application,Response Time (ms),120,150,300,Green,125,135,Stable,N/A,<300ms,Within range
CDN,Cache Hit Ratio %,95,90,80,Green,94,93,Stable,N/A,>80%,Excellent
Storage,Disk Usage %,65,75,85,Green,63,60,Increasing,N/A,<85%,Monitor growth
,,,,,,,,,,,
,,,,,,,,,,,,,
SHEET 3: SECURITY & COMPLIANCE,,,,,,,,,
,,,,,,,,,,,,,
Control,Category,Status,Last Audit,Next Audit,Compliance Framework,Owner,Findings,Priority,Remediation Due,Progress %,Notes
Access Control,IAM,Compliant,2026-01-15,2026-04-15,"SOC2, ISO27001",Security Team,0,N/A,N/A,100,MFA enabled
Encryption at Rest,Data Security,Compliant,2026-01-15,2026-04-15,"SOC2, GDPR",Security Team,0,N/A,N/A,100,AES-256
Encryption in Transit,Data Security,Compliant,2026-01-15,2026-04-15,"SOC2, GDPR",Security Team,0,N/A,N/A,100,TLS 1.3
Vulnerability Scanning,Security,In Progress,2026-02-01,2026-03-01,SOC2,Security Team,3,Medium,2026-02-28,75,3 medium findings
Patch Management,Security,Compliant,2026-01-30,2026-02-28,SOC2,SRE Team,0,N/A,N/A,100,Auto-patching
Backup & Recovery,DR,Compliant,2026-01-20,2026-04-20,SOC2,Database Team,0,N/A,N/A,100,Daily backups
Network Segmentation,Network,Compliant,2026-01-15,2026-04-15,SOC2,Network Team,0,N/A,N/A,100,VPCs configured
Logging & Monitoring,Operations,Compliant,2026-02-01,2026-05-01,SOC2,SRE Team,0,N/A,N/A,100,Centralized logs
Incident Response,Security,In Progress,2026-01-25,2026-03-25,SOC2,Security Team,1,Low,2026-03-15,85,Runbook update
,,,,,,,,,,,
,,,,,,,,,,,,,
SHEET 4: INCIDENTS & ISSUES TRACKER,,,,,,,,,
,,,,,,,,,,,,,
Incident ID,Title,Severity,Status,Reported Date,Resolved Date,Duration (hours),Impact,Root Cause,Owner,Resolution,Cost Impact
INC-001,API Latency Spike,P2,Resolved,2026-01-20 14:30,2026-01-20 16:45,0,Medium,Database query inefficiency,SRE Lead,Query optimization,5000
INC-002,Staging Deployment Failed,P3,Resolved,2026-01-25 09:00,2026-01-25 10:30,0,Low,Config error,DevOps Eng,Config fix,500
INC-003,SSL Certificate Expiry Alert,P4,Resolved,2026-02-01 08:00,2026-02-01 08:30,0,Low,Monitoring alert,Security Team,Renewed cert,0
INC-004,High Memory Usage,P2,Investigating,2026-02-02 11:00,,0,Medium,Memory leak suspected,SRE Team,In progress,TBD
,,,,,,,,,,,
SUMMARY,,,,,,0,,,,,0
,,,,,,,,,,,,,
,,,,,,,,,,,,,
SHEET 5: CAPACITY PLANNING,,,,,,,,,
,,,,,,,,,,,,,
Resource,Current Usage,Current Capacity,Utilization %,Projected 3mo,Projected 6mo,Projected 12mo,Scaling Trigger %,Action Needed,Cost of Scaling,Timeline,Priority
Compute (Cores),192,256,0,240,320,480,80,Scale up,15000/mo,Q2 2026,Medium
Memory (GB),832,1024,0,950,1200,1800,80,Scale up,8000/mo,Q2 2026,Medium
Storage (TB),76.5,100,0,90,120,200,85,Monitor,2000/mo,Q3 2026,Low
Database IOPS,12000,20000,0,15000,18000,25000,80,Scale up,5000/mo,Q3 2026,Medium
Network Bandwidth (Gbps),2.5,5,0,3.5,5,8,80,Monitor,3000/mo,Q4 2026,Low
API Requests (M/day),1.2,3,0,2,3.5,6,75,Plan scaling,10000/mo,Q3 2026,High
,,,,,,,,,,,
,,,,,,,,,,,,,
SHEET 6: CLOUD COST ANALYSIS,,,,,,,,,
,,,,,,,,,,,,,
Service Category,Provider,Jan Cost,Feb Cost,Mar Cost,Q1 Total,Monthly Avg,Budget,Variance,Variance %,Optimization Opportunities
Compute,AWS,18000,19000,20000,0,0,19000,0,0,Reserved instances
Database,AWS,7600,7700,7800,0,0,8000,0,0,On track
Storage,AWS,1150,1200,1250,0,0,1300,0,0,Lifecycle policies
Networking,AWS,2500,2600,2700,0,0,2800,0,0,On track
Monitoring,Datadog,1500,1500,1500,0,0,1600,0,0,Optimize dashboards
CI/CD,GitHub,800,850,900,0,0,1000,0,0,On track
Security,Various,1200,1250,1300,0,0,1400,0,0,On track
Other Services,Various,2000,2100,2200,0,0,2300,0,0,Review quarterly
,,,,,,,,,,
TOTALS,,0,0,0,0,0,0,0,0,
,,,,,,,,,,,,,
,,,,,,,,,,,,,
SHEET 7: CHANGE MANAGEMENT,,,,,,,,,
,,,,,,,,,,,,,
Change ID,Title,Type,Environment,Status,Requested Date,Scheduled Date,Completed Date,Requestor,Approver,Risk Level,Rollback Plan,Result
CHG-001,Upgrade Kubernetes 1.28,Infrastructure,Production,Complete,2026-01-10,2026-01-20,2026-01-20,SRE Lead,CTO,Medium,Snapshot ready,Success
CHG-002,Deploy API v2.1,Application,Production,Complete,2026-01-25,2026-02-01,2026-02-01,Dev Lead,CTO,Low,Previous version,Success
CHG-003,Database Schema Update,Database,Production,Scheduled,2026-02-01,2026-02-15,,DBA,CTO,High,Backup + Rollback script,Pending
CHG-004,SSL Certificate Renewal,Security,Production,Complete,2026-01-28,2026-02-01,2026-02-01,Security Team,CTO,Low,Previous cert,Success
CHG-005,Add Monitoring Dashboard,Monitoring,All,Approved,2026-02-11,2026-02-10,,SRE Team,VP Eng,Low,N/A,Pending
,,,,,,,,,,,,
,,,,,,,,,,,,,
SHEET 8: IT INFRASTRUCTURE KPI DASHBOARD,,,,,,,,,,
,,,,,,,,,,,,,
Metric,Current Month,Last Month,Change,Change %,Q1 Total,Target,Progress %,Status
System Uptime %,99.97,99.95,0,0,99.96,99.95,0,Excellent
Avg Response Time (ms),120,135,0,0,125,150,0,Good
Incident Count,1,2,0,0,4,<10,0,Good
Mean Time to Resolve (hrs),2.3,3.1,0,0,2.5,<4,0,Excellent
Security Findings,3,5,0,0,8,<15,0,Good
Infrastructure Cost,34750,34200,0,0,103900,105000,0,Under Budget
Capacity Utilization %,75,72,0,0,74,80,0,Good
Successful Changes %,95,90,0,0,93,95,0,Good
Backup Success Rate %,100,100,0,0,100,100,0,Excellent
Compliance Score %,95,92,0,0,94,100,0,Good
,,,,,,,,,
,,,,,,,,,,,,,
INSTRUCTIONS:,,,,,,,,,
1. Monitor system performance 24/7,,,,,,,,,
2. Update incident tracker in real-time,,,,,,,,,
3. Review security compliance weekly,,,,,,,,,
4. Track and optimize cloud costs monthly,,,,,,,,,
5. Plan capacity changes quarterly,,,,,,,,,
,,,,,,,,,,,,,
For full documentation see: IT_INFRASTRUCTURE_DASHBOARD.md,,,,,,,,,
